{
  "posts": [
    {
      "adult": false,
      "backdrop_path": "/ft1jH9Zrjx48obILr8NpgfvLYku.jpg",
      "belongs_to_collection": {
        "id": 760193,
        "name": "Orphan Collection",
        "poster_path": "/q8icPVro0MYLTXbttS1KMpdQntP.jpg",
        "backdrop_path": "/nsslKmD5WIYhJ0fO5MDeE6ZjIKp.jpg"
      },
      "budget": 0,
      "genres": [
        {
          "id": 27,
          "name": "Horror"
        },
        {
          "id": 53,
          "name": "Thriller"
        }
      ],
      "homepage": "",
      "id": 760161,
      "imdb_id": "tt11851548",
      "original_language": "en",
      "original_title": "Orphan: First Kill",
      "overview": "After escaping from an Estonian psychiatric facility, Leena Klammer travels to America by impersonating Esther, the missing daughter of a wealthy family. But when her mask starts to slip, she is put against a mother who will protect her family from the murderous “child” at any cost.",
      "popularity": 3385.594,
      "poster_path": "/pHkKbIRoCe7zIFvqan9LFSaQAde.jpg",
      "production_companies": [
        {
          "id": 1786,
          "logo_path": "/joLFuCWg9e2lweYnFQtRPJKSLlI.png",
          "name": "Dark Castle Entertainment",
          "origin_country": "US"
        },
        {
          "id": 8147,
          "logo_path": "/q6HOAdSNgCbeOqwoMVRc6REgbXF.png",
          "name": "Entertainment One",
          "origin_country": "CA"
        },
        {
          "id": 63576,
          "logo_path": "/4qMMMs4smEdD2fjoLLSSleRjG9J.png",
          "name": "Eagle Vision",
          "origin_country": "CA"
        }
      ],
      "production_countries": [
        {
          "iso_3166_1": "CA",
          "name": "Canada"
        },
        {
          "iso_3166_1": "US",
          "name": "United States of America"
        }
      ],
      "release_date": "2022-07-27",
      "revenue": 9572765,
      "runtime": 99,
      "spoken_languages": [
        {
          "english_name": "English",
          "iso_639_1": "en",
          "name": "English"
        },
        {
          "english_name": "Estonian",
          "iso_639_1": "et",
          "name": "Eesti"
        }
      ],
      "status": "Released",
      "tagline": "There's always been something wrong with Esther.",
      "title": "Orphan: First Kill",
      "video": false,
      "vote_average": 6.8,
      "vote_count": 1036
    },
    {
      "adult": false,
      "backdrop_path": "/aTovumsNlDjof7YVoU5nW2RHaYn.jpg",
      "belongs_to_collection": {
        "id": 91361,
        "name": "Halloween Collection",
        "poster_path": "/cq1lf9sUi10faSvqegx8dLDEeZV.jpg",
        "backdrop_path": "/d6uWYZe7h7M3F7h4IBjO1jgIkMh.jpg"
      },
      "budget": 20000000,
      "genres": [
        {
          "id": 27,
          "name": "Horror"
        },
        {
          "id": 53,
          "name": "Thriller"
        },
        {
          "id": 10749,
          "name": "Romance"
        }
      ],
      "homepage": "https://www.halloweenmovie.com",
      "id": 616820,
      "imdb_id": "tt10665342",
      "original_language": "en",
      "original_title": "Halloween Ends",
      "overview": "Four years after the events of Halloween in 2018, Laurie has decided to liberate herself from fear and rage and embrace life. But when a young man is accused of killing a boy he was babysitting, it ignites a cascade of violence and terror that will force Laurie to finally confront the evil she can’t control, once and for all.",
      "popularity": 3887.012,
      "poster_path": "/3uDwqxbr0j34rJVJMOW6o8Upw5W.jpg",
      "production_companies": [
        {
          "id": 14,
          "logo_path": "/m6AHu84oZQxvq7n1rsvMNJIAsMu.png",
          "name": "Miramax",
          "origin_country": "US"
        },
        {
          "id": 33,
          "logo_path": "/8lvHyhjr8oUKOOy2dKXoALWKdp0.png",
          "name": "Universal Pictures",
          "origin_country": "US"
        },
        {
          "id": 3172,
          "logo_path": "/kDedjRZwO8uyFhuHamomOhN6fzG.png",
          "name": "Blumhouse Productions",
          "origin_country": "US"
        },
        {
          "id": 15822,
          "logo_path": "/Aodu1OPI0LHTWYr7Jlm4R2XY2og.png",
          "name": "Trancas International Films",
          "origin_country": "US"
        },
        {
          "id": 20848,
          "logo_path": "/htPfdm3yNRVsDz8CyyMozALKOO0.png",
          "name": "Rough House Pictures",
          "origin_country": "US"
        }
      ],
      "production_countries": [
        {
          "iso_3166_1": "US",
          "name": "United States of America"
        }
      ],
      "release_date": "2022-10-12",
      "revenue": 58000000,
      "runtime": 111,
      "spoken_languages": [
        {
          "english_name": "English",
          "iso_639_1": "en",
          "name": "English"
        }
      ],
      "status": "Released",
      "tagline": "",
      "title": "Halloween Ends",
      "video": false,
      "vote_average": 6.951,
      "vote_count": 388
    },
    {
      "adult": false,
      "backdrop_path": "/1DBDwevWS8OhiT3wqqlW7KGPd6m.jpg",
      "belongs_to_collection": null,
      "budget": 3000000,
      "genres": [
        {
          "id": 53,
          "name": "Thriller"
        }
      ],
      "homepage": "https://www.lionsgate.com/movies/fall",
      "id": 985939,
      "imdb_id": "tt15325794",
      "original_language": "en",
      "original_title": "Fall",
      "overview": "For best friends Becky and Hunter, life is all about conquering fears and pushing limits. But after they climb 2,000 feet to the top of a remote, abandoned radio tower, they find themselves stranded with no way down. Now Becky and Hunter’s expert climbing skills will be put to the ultimate test as they desperately fight to survive the elements, a lack of supplies, and vertigo-inducing heights",
      "popularity": 2550.96,
      "poster_path": "/spCAxD99U1A6jsiePFoqdEcY0dG.jpg",
      "production_companies": [
        {
          "id": 1632,
          "logo_path": "/cisLn1YAUuptXVBa0xjq7ST9cH0.png",
          "name": "Lionsgate",
          "origin_country": "US"
        },
        {
          "id": 11053,
          "logo_path": null,
          "name": "Capstone Pictures",
          "origin_country": "US"
        },
        {
          "id": 125401,
          "logo_path": null,
          "name": "BuzzFeed Studios",
          "origin_country": "US"
        },
        {
          "id": 155758,
          "logo_path": null,
          "name": "Tea Shop Productions",
          "origin_country": ""
        },
        {
          "id": 179831,
          "logo_path": null,
          "name": "Capstone Studios",
          "origin_country": ""
        }
      ],
      "production_countries": [
        {
          "iso_3166_1": "GB",
          "name": "United Kingdom"
        },
        {
          "iso_3166_1": "US",
          "name": "United States of America"
        }
      ],
      "release_date": "2022-08-11",
      "revenue": 11900000,
      "runtime": 107,
      "spoken_languages": [
        {
          "english_name": "English",
          "iso_639_1": "en",
          "name": "English"
        }
      ],
      "status": "Released",
      "tagline": "Fear reaches new heights.",
      "title": "Fall",
      "video": false,
      "vote_average": 7.362,
      "vote_count": 1463
    },
    {
      "adult": false,
      "backdrop_path": "/ghsPsvM0sEztdNT4kUlTsBF2LEF.jpg",
      "belongs_to_collection": null,
      "budget": 0,
      "genres": [
        {
          "id": 18,
          "name": "Drama"
        },
        {
          "id": 28,
          "name": "Action"
        },
        {
          "id": 53,
          "name": "Thriller"
        }
      ],
      "homepage": "https://www.netflix.com/title/81312828",
      "id": 852046,
      "imdb_id": "tt15445056",
      "original_language": "fr",
      "original_title": "Athena",
      "overview": "Hours after the tragic death of their youngest brother in unexplained circumstances, three siblings have their lives thrown into chaos.",
      "popularity": 2250.569,
      "poster_path": "/fenNPxVF5ERy0CSyVruuEg959Hg.jpg",
      "production_companies": [
        {
          "id": 78780,
          "logo_path": "/53Dcwrv1Pd296sN2yLZsgAdrIrX.png",
          "name": "Iconoclast",
          "origin_country": "FR"
        },
        {
          "id": 128621,
          "logo_path": null,
          "name": "Lyly Films",
          "origin_country": "FR"
        }
      ],
      "production_countries": [
        {
          "iso_3166_1": "FR",
          "name": "France"
        }
      ],
      "release_date": "2022-09-09",
      "revenue": 0,
      "runtime": 97,
      "spoken_languages": [
        {
          "english_name": "French",
          "iso_639_1": "fr",
          "name": "Français"
        }
      ],
      "status": "Released",
      "tagline": "",
      "title": "Athena",
      "video": false,
      "vote_average": 6.621,
      "vote_count": 277
    },
    {
      "adult": false,
      "backdrop_path": "/8d4gNr2WoW8U2AlRMUSrcBxWXNd.jpg",
      "belongs_to_collection": null,
      "budget": 0,
      "genres": [
        {
          "id": 53,
          "name": "Thriller"
        },
        {
          "id": 9648,
          "name": "Mystery"
        }
      ],
      "homepage": "",
      "id": 916605,
      "imdb_id": "tt15275256",
      "original_language": "en",
      "original_title": "The Infernal Machine",
      "overview": "Reclusive and controversial author Bruce Cogburn is drawn out of hiding by an obsessive fan, forcing the novelist to confront a past that he thought he could escape, and to account for events set in motion by his bestseller decades earlier. Cogburn's search for who is behind the manipulation and mental torment he encounters leads to an emotional roller-coaster ride full of fear and danger, where things are not always as clear as they seem to be, and where past deeds can have dire consequences.",
      "popularity": 2035.885,
      "poster_path": "/bSqpOGzaKBdGkBLmcm1JJIVryYy.jpg",
      "production_companies": [
        {
          "id": 4,
          "logo_path": "/gz66EfNoYPqHTYI4q9UEN4CbHRc.png",
          "name": "Paramount",
          "origin_country": "US"
        },
        {
          "id": 27269,
          "logo_path": null,
          "name": "Moviebox",
          "origin_country": ""
        },
        {
          "id": 159674,
          "logo_path": "/2NAHsquI5QpycL3RnnxlESGgS7C.png",
          "name": "Filmology Finance",
          "origin_country": ""
        }
      ],
      "production_countries": [
        {
          "iso_3166_1": "PT",
          "name": "Portugal"
        }
      ],
      "release_date": "2022-09-23",
      "revenue": 0,
      "runtime": 107,
      "spoken_languages": [
        {
          "english_name": "English",
          "iso_639_1": "en",
          "name": "English"
        }
      ],
      "status": "Released",
      "tagline": "What he created will destroy him.",
      "title": "The Infernal Machine",
      "video": false,
      "vote_average": 6.933,
      "vote_count": 82
    }
  ]
}